{"stats":{"minecraft:picked_up":{"minecraft:rotten_flesh":2,"minecraft:dirt":1},"minecraft:killed":{"minecraft:zombie":1},"minecraft:used":{"minecraft:dirt":1},"minecraft:custom":{"minecraft:time_since_rest":33656,"minecraft:damage_dealt":196,"minecraft:play_one_minute":33656,"minecraft:crouch_one_cm":112,"minecraft:leave_game":1,"minecraft:sprint_one_cm":1692,"minecraft:damage_taken":25,"minecraft:time_since_death":33656,"minecraft:walk_one_cm":3384,"minecraft:sneak_time":15,"minecraft:mob_kills":1,"minecraft:fall_one_cm":894,"minecraft:fly_one_cm":2541,"minecraft:jump":46},"minecraft:mined":{"minecraft:grass_block":1}},"DataVersion":2586}