{"stats":{"minecraft:used":{"minecraft:wheat_seeds":8,"minecraft:birch_planks":20,"minecraft:oak_planks":11,"minecraft:poppy":1,"minecraft:oak_door":1,"minecraft:torch":4,"minecraft:dirt":5,"minecraft:oak_slab":1,"minecraft:crafting_table":1,"minecraft:iron_hoe":13,"minecraft:bread":5,"minecraft:cyan_bed":2,"minecraft:iron_pickaxe":58,"minecraft:stone_axe":76,"minecraft:cobblestone":4,"minecraft:smithing_table":1,"minecraft:andesite":3,"minecraft:egg":2},"minecraft:dropped":{"minecraft:oak_pressure_plate":1},"minecraft:crafted":{"minecraft:oak_door":3,"minecraft:oak_planks":8,"minecraft:crafting_table":1,"minecraft:birch_planks":28,"minecraft:stick":8,"minecraft:torch":28},"minecraft:killed":{"minecraft:pig":1,"minecraft:zombie_villager":1,"minecraft:iron_golem":1,"minecraft:zombie":1},"minecraft:custom":{"minecraft:mob_kills":4,"minecraft:interact_with_crafting_table":2,"minecraft:open_barrel":5,"minecraft:play_one_minute":41471,"minecraft:leave_game":3,"minecraft:time_since_death":41471,"minecraft:sleep_in_bed":2,"minecraft:climb_one_cm":534,"minecraft:time_since_rest":14075,"minecraft:sprint_one_cm":58922,"minecraft:damage_taken":243,"minecraft:walk_one_cm":65074,"minecraft:drop":1,"minecraft:damage_dealt":1449,"minecraft:talked_to_villager":1,"minecraft:fly_one_cm":55376,"minecraft:open_chest":12,"minecraft:crouch_one_cm":817,"minecraft:sneak_time":767,"minecraft:jump":422,"minecraft:walk_on_water_one_cm":364,"minecraft:interact_with_smoker":1,"minecraft:fall_one_cm":13965},"minecraft:picked_up":{"minecraft:birch_log":7,"minecraft:wheat":22,"minecraft:andesite":3,"minecraft:smithing_table":2,"minecraft:smoker":1,"minecraft:oak_log":118,"minecraft:dirt":5,"minecraft:apple":3,"minecraft:wheat_seeds":90,"minecraft:iron_ingot":5,"minecraft:poppy":1,"minecraft:melon_slice":44,"minecraft:oak_planks":9,"minecraft:furnace":1,"minecraft:egg":2,"minecraft:scaffolding":5,"minecraft:oak_slab":1,"minecraft:stick":37,"minecraft:dandelion":1,"minecraft:oak_pressure_plate":2,"minecraft:porkchop":1,"minecraft:blast_furnace":2,"minecraft:cyan_bed":2,"minecraft:iron_hoe":1,"minecraft:oak_wood":1,"minecraft:rotten_flesh":2,"minecraft:stone_axe":1,"minecraft:hay_block":12,"minecraft:oak_sapling":66,"minecraft:melon_seeds":1,"minecraft:coal":45,"minecraft:cobblestone":5},"minecraft:mined":{"minecraft:smithing_table":2,"minecraft:oak_slab":1,"minecraft:scaffolding":3,"minecraft:smoker":1,"minecraft:blast_furnace":2,"minecraft:oak_wood":1,"minecraft:grass_block":5,"minecraft:melon":9,"minecraft:cobblestone":1,"minecraft:tall_grass":1,"minecraft:cyan_bed":2,"minecraft:oak_planks":9,"minecraft:hay_block":12,"minecraft:furnace":1,"minecraft:birch_log":7,"minecraft:wheat":8,"minecraft:andesite":3,"minecraft:birch_leaves":4,"minecraft:grass":17,"minecraft:oak_log":19,"minecraft:coal_ore":45,"minecraft:cobblestone_slab":1,"minecraft:stone":4,"minecraft:oak_leaves":17}},"DataVersion":2586}