{"stats":{"minecraft:picked_up":{"minecraft:rotten_flesh":2,"minecraft:dirt":2},"minecraft:killed":{"minecraft:zombie":1},"minecraft:used":{"minecraft:dirt":2},"minecraft:custom":{"minecraft:time_since_rest":45656,"minecraft:damage_dealt":196,"minecraft:play_one_minute":45656,"minecraft:crouch_one_cm":112,"minecraft:leave_game":1,"minecraft:sprint_one_cm":6681,"minecraft:damage_taken":95,"minecraft:time_since_death":45656,"minecraft:walk_one_cm":5089,"minecraft:sneak_time":15,"minecraft:mob_kills":1,"minecraft:fall_one_cm":4288,"minecraft:fly_one_cm":12268,"minecraft:jump":96},"minecraft:mined":{"minecraft:grass_block":2,"minecraft:birch_leaves":1}},"DataVersion":2586}