{"stats":{"minecraft:crafted":{"minecraft:oak_planks":108,"minecraft:smooth_stone":3,"minecraft:leather_boots":2,"minecraft:cooked_chicken":4,"minecraft:furnace":2,"minecraft:blast_furnace":1,"minecraft:stone":3,"minecraft:lever":2,"minecraft:cooked_mutton":26,"minecraft:flint_and_steel":1,"minecraft:warped_planks":108,"minecraft:quartz_block":5,"minecraft:bow":1,"minecraft:iron_boots":1,"minecraft:iron_axe":1,"minecraft:ladder":3,"minecraft:stone_pickaxe":2,"minecraft:chest":1,"minecraft:stone_hoe":1,"minecraft:golden_helmet":1,"minecraft:smoker":1,"minecraft:cooked_beef":10,"minecraft:red_dye":2,"minecraft:oak_slab":120,"minecraft:arrow":60,"minecraft:cooked_porkchop":34,"minecraft:crafting_table":6,"minecraft:acacia_slab":84,"minecraft:wooden_pickaxe":1,"minecraft:iron_helmet":1,"minecraft:iron_sword":2,"minecraft:nether_bricks":2,"minecraft:leather_helmet":2,"minecraft:bucket":2,"minecraft:campfire":1,"minecraft:spectral_arrow":96,"minecraft:stone_axe":4,"minecraft:bread":1,"minecraft:acacia_boat":1,"minecraft:air":0,"minecraft:oak_boat":1,"minecraft:iron_chestplate":1,"minecraft:yellow_dye":1,"minecraft:shield":2,"minecraft:stick":72,"minecraft:leather_chestplate":2,"minecraft:iron_ingot":107,"minecraft:iron_pickaxe":3,"minecraft:gold_ingot":177,"minecraft:stone_sword":1,"minecraft:iron_shovel":1,"minecraft:iron_leggings":1,"minecraft:white_bed":2,"minecraft:acacia_planks":152,"minecraft:torch":36},"minecraft:killed_by":{"minecraft:player":1,"minecraft:spider":1,"minecraft:piglin":1},"minecraft:used":{"minecraft:stone_sword":60,"minecraft:iron_shovel":83,"minecraft:flint_and_steel":1,"minecraft:ladder":11,"minecraft:poppy":2,"minecraft:polished_basalt":1,"minecraft:chest":1,"minecraft:iron_sword":187,"minecraft:stone_hoe":32,"minecraft:cooked_chicken":4,"minecraft:netherrack":22,"minecraft:torch":33,"minecraft:dirt":22,"minecraft:nether_bricks":2,"minecraft:acacia_sapling":1,"minecraft:granite":14,"minecraft:lava_bucket":10,"minecraft:iron_axe":49,"minecraft:acacia_slab":84,"minecraft:quartz_block":5,"minecraft:warped_nylium":9,"minecraft:rabbit_stew":1,"minecraft:light_gray_wool":1,"minecraft:basalt":62,"minecraft:bow":3,"minecraft:oak_sapling":2,"minecraft:furnace":1,"minecraft:egg":2,"minecraft:cooked_beef":14,"minecraft:acacia_planks":52,"minecraft:cooked_mutton":11,"minecraft:water_bucket":3,"minecraft:acacia_boat":1,"minecraft:oak_planks":7,"minecraft:stone_pickaxe":131,"minecraft:blackstone":22,"minecraft:wooden_pickaxe":10,"minecraft:sugar_cane":2,"minecraft:polished_blackstone_bricks":165,"minecraft:warped_roots":9,"minecraft:white_wool":12,"minecraft:golden_apple":1,"minecraft:oak_slab":40,"minecraft:tnt":5,"minecraft:crafting_table":16,"minecraft:crossbow":9,"minecraft:red_mushroom":1,"minecraft:blast_furnace":3,"minecraft:campfire":1,"minecraft:white_bed":2,"minecraft:warped_planks":110,"minecraft:smoker":2,"minecraft:diamond_pickaxe":121,"minecraft:lever":2,"minecraft:black_wool":1,"minecraft:cracked_polished_blackstone_bricks":64,"minecraft:iron_pickaxe":586,"minecraft:gravel":129,"minecraft:stone_axe":242,"minecraft:cobblestone":66,"minecraft:cooked_porkchop":2,"minecraft:bucket":14,"minecraft:oak_boat":32},"minecraft:dropped":{"minecraft:iron_ingot":4,"minecraft:stone_hoe":1,"minecraft:soul_sand":5,"minecraft:wheat_seeds":5,"minecraft:warped_fungus":1,"minecraft:cobblestone":4,"minecraft:warped_roots":2,"minecraft:leather":9,"minecraft:granite":24,"minecraft:acacia_log":23,"minecraft:golden_apple":1,"minecraft:leather_helmet":2,"minecraft:stick":1,"minecraft:flint":1,"minecraft:iron_block":3,"minecraft:cracked_polished_blackstone_bricks":2,"minecraft:gold_nugget":3,"minecraft:gilded_blackstone":20,"minecraft:polished_blackstone_bricks":64,"minecraft:iron_pickaxe":1,"minecraft:bucket":1,"minecraft:gold_ingot":235,"minecraft:bone":1,"minecraft:stone_axe":2,"minecraft:iron_nugget":48,"minecraft:stone_sword":1,"minecraft:nether_brick":3,"minecraft:bowl":1,"minecraft:rotten_flesh":2,"minecraft:enchanted_golden_apple":1,"minecraft:leather_chestplate":2,"minecraft:hay_block":15,"minecraft:shield":2,"minecraft:gunpowder":1,"minecraft:diamond_pickaxe":1,"minecraft:andesite":18,"minecraft:oak_sapling":8,"minecraft:ladder":3,"minecraft:leather_boots":2,"minecraft:acacia_sapling":8,"minecraft:spider_eye":1,"minecraft:diamond_boots":1,"minecraft:stone_pickaxe":1,"minecraft:crying_obsidian":2,"minecraft:netherrack":2},"minecraft:broken":{"minecraft:stone_pickaxe":1,"minecraft:stone_axe":2,"minecraft:iron_pickaxe":1},"minecraft:picked_up":{"minecraft:charcoal":2,"minecraft:iron_chestplate":1,"minecraft:crafting_table":10,"minecraft:splash_potion":2,"minecraft:chicken":9,"minecraft:ladder":11,"minecraft:rabbit_stew":2,"minecraft:wooden_pickaxe":1,"minecraft:gold_block":20,"minecraft:enchanted_book":1,"minecraft:nether_brick":21,"minecraft:shield":2,"minecraft:string":25,"minecraft:iron_leggings":1,"minecraft:blackstone":34,"minecraft:gold_nugget":57,"minecraft:beef":51,"minecraft:oak_boat":32,"minecraft:iron_nugget":64,"minecraft:poppy":4,"minecraft:light_gray_wool":1,"minecraft:sugar_cane":2,"minecraft:egg":2,"minecraft:furnace":1,"minecraft:golden_helmet":1,"minecraft:stick":6,"minecraft:torch":1,"minecraft:acacia_log":66,"minecraft:fire_charge":1,"minecraft:polished_blackstone_bricks":266,"minecraft:porkchop":8,"minecraft:warped_planks":2,"minecraft:tnt":12,"minecraft:arrow":17,"minecraft:rotten_flesh":2,"minecraft:polished_basalt":1,"minecraft:hay_block":29,"minecraft:gold_ingot":194,"minecraft:blaze_rod":2,"minecraft:mutton":26,"minecraft:white_wool":36,"minecraft:cobblestone":294,"minecraft:magma_cream":2,"minecraft:basalt":62,"minecraft:leather_chestplate":1,"minecraft:feather":15,"minecraft:cooked_beef":8,"minecraft:andesite":18,"minecraft:leather":28,"minecraft:red_mushroom":1,"minecraft:smoker":1,"minecraft:flint":17,"minecraft:oak_log":95,"minecraft:gunpowder":1,"minecraft:dirt":37,"minecraft:cooked_mutton":40,"minecraft:leather_boots":1,"minecraft:bone":3,"minecraft:bow":1,"minecraft:wheat_seeds":5,"minecraft:warped_stem":27,"minecraft:stone_pickaxe":1,"minecraft:iron_ingot":43,"minecraft:iron_ore":138,"minecraft:glowstone_dust":195,"minecraft:soul_sand":5,"minecraft:acacia_sapling":9,"minecraft:oak_planks":4,"minecraft:oak_slab":2,"minecraft:warped_fungus":1,"minecraft:quartz":7,"minecraft:dandelion":1,"minecraft:gravel":215,"minecraft:lava_bucket":1,"minecraft:blast_furnace":2,"minecraft:crying_obsidian":2,"minecraft:spectral_arrow":90,"minecraft:spider_eye":1,"minecraft:leather_helmet":1,"minecraft:stripped_acacia_log":2,"minecraft:cracked_polished_blackstone_bricks":86,"minecraft:crossbow":3,"minecraft:granite":38,"minecraft:golden_apple":4,"minecraft:warped_roots":11,"minecraft:bread":5,"minecraft:warped_nylium":9,"minecraft:oak_sapling":11,"minecraft:netherrack":24,"minecraft:black_wool":1,"minecraft:coal":141,"minecraft:ender_pearl":15},"minecraft:mined":{"minecraft:nether_gold_ore":14,"minecraft:granite":17,"minecraft:ladder":3,"minecraft:acacia_log":55,"minecraft:grass_block":1,"minecraft:cracked_polished_blackstone_bricks":87,"minecraft:spawner":1,"minecraft:hay_block":29,"minecraft:polished_blackstone_bricks":213,"minecraft:glowstone":29,"minecraft:furnace":1,"minecraft:fire":5,"minecraft:polished_basalt":1,"minecraft:iron_ore":118,"minecraft:gold_block":21,"minecraft:warped_stem":28,"minecraft:stripped_acacia_log":2,"minecraft:stone":159,"minecraft:white_wool":12,"minecraft:oak_slab":2,"minecraft:acacia_leaves":20,"minecraft:blackstone":30,"minecraft:smoker":1,"minecraft:basalt":66,"minecraft:dandelion":1,"minecraft:crafting_table":10,"minecraft:torch":1,"minecraft:blast_furnace":2,"minecraft:warped_roots":3,"minecraft:campfire":1,"minecraft:tall_grass":20,"minecraft:cobblestone":13,"minecraft:oak_planks":1,"minecraft:sugar_cane":1,"minecraft:warped_nylium":11,"minecraft:warped_planks":2,"minecraft:grass":25,"minecraft:oak_log":68,"minecraft:coal_ore":77,"minecraft:gravel":86,"minecraft:netherrack":13,"minecraft:oak_leaves":9},"minecraft:killed":{"minecraft:spider":2,"minecraft:horse":3,"minecraft:skeleton":5,"minecraft:chicken":9,"minecraft:magma_cube":41,"minecraft:piglin":1,"minecraft:pig":4,"minecraft:iron_golem":2,"minecraft:creeper":1,"minecraft:sheep":17,"minecraft:zombie":3,"minecraft:wither_skeleton":1,"minecraft:blaze":2,"minecraft:enderman":26,"minecraft:cow":23},"minecraft:custom":{"minecraft:mob_kills":142,"minecraft:interact_with_crafting_table":50,"minecraft:interact_with_campfire":8,"minecraft:leave_game":1,"minecraft:time_since_death":468,"minecraft:climb_one_cm":3014,"minecraft:sprint_one_cm":350925,"minecraft:walk_one_cm":467569,"minecraft:drop":93,"minecraft:talked_to_villager":2,"minecraft:deaths":4,"minecraft:sneak_time":24926,"minecraft:walk_under_water_one_cm":759,"minecraft:boat_one_cm":113837,"minecraft:jump":3189,"minecraft:interact_with_blast_furnace":10,"minecraft:walk_on_water_one_cm":4293,"minecraft:interact_with_furnace":6,"minecraft:play_one_minute":172100,"minecraft:sleep_in_bed":4,"minecraft:time_since_rest":499,"minecraft:damage_taken":3131,"minecraft:damage_absorbed":40,"minecraft:damage_dealt":21145,"minecraft:swim_one_cm":1593,"minecraft:fly_one_cm":492029,"minecraft:open_chest":18,"minecraft:crouch_one_cm":96986,"minecraft:interact_with_smoker":22,"minecraft:fall_one_cm":81682,"minecraft:horse_one_cm":29252}},"DataVersion":2586}