{"stat.drop.minecraft.stone_pickaxe":1,"stat.useItem.minecraft.string":2,"stat.craftItem.minecraft.acacia_boat":1,"stat.leaveGame":2,"stat.mineBlock.minecraft.cobblestone":1,"stat.swimOneCm":16127,"stat.pickup.minecraft.porkchop":9,"stat.useItem.minecraft.dirt":27,"stat.pickup.minecraft.rotten_flesh":1,"stat.pickup.minecraft.sand":16,"stat.craftItem.minecraft.furnace":2,"stat.craftItem.minecraft.stone_axe":1,"stat.useItem.minecraft.iron_ore":6,"stat.craftItem.minecraft.stone_pickaxe":2,"stat.useItem.minecraft.rail":2,"stat.killEntity.Enderman":1,"stat.pickup.minecraft.cobblestone":68,"stat.craftItem.minecraft.stone_sword":1,"stat.flyOneCm":87059,"stat.mineBlock.minecraft.sand":16,"stat.mineBlock.minecraft.iron_ore":46,"stat.timeSinceDeath":39505,"stat.useItem.minecraft.iron_pickaxe":35,"stat.craftItem.minecraft.wooden_pickaxe":1,"stat.drop.minecraft.spider_eye":1,"stat.pickup.minecraft.wooden_axe":1,"stat.furnaceInteraction":12,"stat.useItem.minecraft.cooked_porkchop":5,"stat.killEntity.ZombieVillager":1,"stat.mineBlock.minecraft.coal_ore":61,"stat.pickup.minecraft.string":3,"stat.pickup.minecraft.furnace":1,"stat.sprintOneCm":97665,"stat.craftItem.minecraft.stick":24,"stat.mineBlock.minecraft.crafting_table":2,"stat.drop":7,"stat.playOneMinute":39505,"stat.craftItem.minecraft.iron_pickaxe":1,"stat.killEntity.Zombie":1,"stat.mineBlock.minecraft.gold_ore":1,"stat.mineBlock.minecraft.tallgrass":301,"stat.diveOneCm":20325,"stat.useItem.minecraft.stone":4,"stat.drop.minecraft.wooden_pickaxe":1,"stat.pickup.minecraft.gravel":3,"stat.craftItem.minecraft.cooked_porkchop":9,"stat.drop.minecraft.cooked_porkchop":3,"stat.jump":693,"stat.useItem.minecraft.sand":14,"stat.pickup.minecraft.coal":61,"stat.fallOneCm":15174,"stat.useItem.minecraft.stone_axe":45,"stat.crouchOneCm":4310,"stat.pickup.minecraft.rail":2,"stat.pickup.minecraft.spider_eye":1,"stat.craftItem.minecraft.torch":44,"stat.craftItem.minecraft.iron_ingot":32,"stat.pickup.minecraft.dirt":27,"stat.craftingTableInteraction":14,"stat.pickup.minecraft.iron_ore":46,"stat.boatOneCm":32335,"stat.useItem.minecraft.sapling":7,"stat.pickup.minecraft.gold_ore":1,"stat.mineBlock.minecraft.leaves2":9,"stat.mineBlock.minecraft.log2":28,"stat.damageTaken":511,"stat.mineBlock.minecraft.torch":6,"stat.mineBlock.minecraft.furnace":1,"stat.useItem.minecraft.wooden_pickaxe":13,"stat.useItem.minecraft.furnace":2,"stat.mineBlock.minecraft.sapling":1,"stat.pickup.minecraft.log2":30,"stat.pickup.minecraft.reeds":6,"stat.pickup.minecraft.wheat_seeds":27,"stat.mineBlock.minecraft.gravel":3,"stat.useItem.minecraft.stone_pickaxe":136,"stat.useItem.minecraft.stone_sword":15,"stat.damageDealt":1456,"stat.mineBlock.minecraft.dirt":26,"stat.useItem.minecraft.crafting_table":3,"stat.killEntity.Pig":4,"stat.craftItem.minecraft.iron_sword":1,"stat.walkOneCm":123141,"stat.useItem.minecraft.torch":35,"stat.drop.minecraft.rotten_flesh":1,"stat.pickup.minecraft.crafting_table":2,"stat.useItem.minecraft.cobblestone":14,"stat.craftItem.minecraft.crafting_table":2,"stat.useItem.minecraft.gravel":3,"stat.mineBlock.minecraft.double_plant":14,"stat.useItem.minecraft.gold_ore":1,"stat.breakItem.minecraft.stone_pickaxe":1,"stat.pickup.minecraft.stone":4,"stat.pickup.minecraft.sapling":7,"stat.pickup.minecraft.ender_pearl":1,"stat.craftItem.minecraft.planks":28,"stat.useItem.minecraft.iron_sword":10,"stat.useItem.minecraft.acacia_boat":1,"stat.killEntity.Spider":1,"stat.mobKills":8,"stat.pickup.minecraft.torch":8,"stat.sneakTime":2420,"stat.mineBlock.minecraft.stone":68}