{"stat.drop.minecraft.stone_pickaxe":1,"stat.walkOneCm":71742,"stat.useItem.minecraft.torch":2,"stat.craftItem.minecraft.acacia_boat":1,"stat.drop.minecraft.wooden_pickaxe":1,"stat.pickup.minecraft.crafting_table":1,"stat.craftItem.minecraft.cooked_porkchop":9,"stat.craftItem.minecraft.crafting_table":1,"stat.furnaceInteraction":5,"stat.useItem.minecraft.cooked_porkchop":3,"stat.mineBlock.minecraft.coal_ore":6,"stat.drop.minecraft.cooked_porkchop":3,"stat.jump":452,"stat.swimOneCm":13802,"stat.pickup.minecraft.coal":6,"stat.fallOneCm":11528,"stat.useItem.minecraft.stone_axe":44,"stat.pickup.minecraft.porkchop":9,"stat.crouchOneCm":1333,"stat.craftItem.minecraft.torch":12,"stat.pickup.minecraft.sapling":7,"stat.pickup.minecraft.dirt":27,"stat.useItem.minecraft.dirt":16,"stat.sprintOneCm":27120,"stat.craftItem.minecraft.stick":12,"stat.craftingTableInteraction":10,"stat.pickup.minecraft.iron_ore":4,"stat.pickup.minecraft.sand":13,"stat.craftItem.minecraft.furnace":1,"stat.boatOneCm":32335,"stat.useItem.minecraft.sapling":7,"stat.craftItem.minecraft.planks":28,"stat.useItem.minecraft.acacia_boat":1,"stat.craftItem.minecraft.stone_axe":1,"stat.mineBlock.minecraft.leaves2":9,"stat.mineBlock.minecraft.log2":28,"stat.damageTaken":305,"stat.mineBlock.minecraft.crafting_table":1,"stat.craftItem.minecraft.stone_pickaxe":2,"stat.useItem.minecraft.wooden_pickaxe":13,"stat.useItem.minecraft.furnace":1,"stat.pickup.minecraft.cobblestone":35,"stat.mobKills":4,"stat.mineBlock.minecraft.sapling":1,"stat.pickup.minecraft.log2":30,"stat.pickup.minecraft.reeds":6,"stat.craftItem.minecraft.stone_sword":1,"stat.flyOneCm":61280,"stat.pickup.minecraft.wheat_seeds":3,"stat.drop":5,"stat.mineBlock.minecraft.sand":13,"stat.playOneMinute":21981,"stat.pickup.minecraft.torch":2,"stat.useItem.minecraft.stone_pickaxe":33,"stat.sneakTime":1184,"stat.damageDealt":486,"stat.mineBlock.minecraft.iron_ore":4,"stat.timeSinceDeath":21981,"stat.mineBlock.minecraft.dirt":26,"stat.useItem.minecraft.crafting_table":2,"stat.craftItem.minecraft.wooden_pickaxe":1,"stat.mineBlock.minecraft.stone":36,"stat.killEntity.Pig":4,"stat.mineBlock.minecraft.tallgrass":35,"stat.diveOneCm":18859}