{"stat.walkOneCm":16964,"stat.leaveGame":7,"stat.craftItem.minecraft.crafting_table":1,"stat.jump":47,"stat.swimOneCm":6834,"stat.fallOneCm":269,"stat.crouchOneCm":433,"stat.pickup.minecraft.sapling":1,"stat.sprintOneCm":92,"stat.craftItem.minecraft.stick":8,"stat.craftItem.minecraft.wooden_axe":1,"stat.craftingTableInteraction":4,"stat.pickup.minecraft.sand":11,"stat.boatOneCm":20204,"stat.craftItem.minecraft.planks":20,"stat.mineBlock.minecraft.log2":5,"stat.damageTaken":195,"stat.craftItem.minecraft.stone_pickaxe":1,"stat.useItem.minecraft.wooden_pickaxe":4,"stat.pickup.minecraft.cobblestone":5,"stat.pickup.minecraft.log2":5,"stat.flyOneCm":784,"stat.mineBlock.minecraft.sand":11,"stat.playOneMinute":10533,"stat.sneakTime":115,"stat.damageDealt":157,"stat.timeSinceDeath":10533,"stat.mineBlock.minecraft.dirt":1,"stat.craftItem.minecraft.wooden_pickaxe":1,"stat.mineBlock.minecraft.stone":4,"stat.mineBlock.minecraft.tallgrass":1,"stat.diveOneCm":20800}