{"stat.leaveGame":8,"stat.mineBlock.minecraft.cobblestone":1,"stat.pickup.minecraft.stone_pickaxe":1,"stat.entityKilledBy.Witch":1,"stat.jump":121,"stat.swimOneCm":14645,"stat.useItem.minecraft.sand":2,"stat.fallOneCm":604,"stat.useItem.minecraft.stone_axe":1,"stat.crouchOneCm":4741,"stat.pickup.minecraft.spider_eye":1,"stat.pickup.minecraft.dirt":14,"stat.craftingTableInteraction":6,"stat.pickup.minecraft.iron_ore":4,"stat.pickup.minecraft.sand":13,"stat.boatOneCm":20204,"stat.craftItem.minecraft.stone_axe":1,"stat.mineBlock.minecraft.log2":5,"stat.pickup.minecraft.wooden_pickaxe":1,"stat.damageTaken":515,"stat.craftItem.minecraft.stone_pickaxe":2,"stat.useItem.minecraft.wooden_pickaxe":4,"stat.pickup.minecraft.cobblestone":174,"stat.pickup.minecraft.log2":5,"stat.pickup.minecraft.planks":4,"stat.craftItem.minecraft.stone_sword":1,"stat.flyOneCm":1682,"stat.mineBlock.minecraft.sand":13,"stat.useItem.minecraft.stone_pickaxe":137,"stat.useItem.minecraft.stone_sword":11,"stat.damageDealt":611,"stat.mineBlock.minecraft.iron_ore":4,"stat.timeSinceDeath":2079,"stat.mineBlock.minecraft.dirt":8,"stat.useItem.minecraft.crafting_table":2,"stat.craftItem.minecraft.wooden_pickaxe":1,"stat.walkOneCm":76901,"stat.pickup.minecraft.crafting_table":1,"stat.useItem.minecraft.cobblestone":1,"stat.craftItem.minecraft.crafting_table":1,"stat.furnaceInteraction":1,"stat.breakItem.minecraft.stone_pickaxe":1,"stat.entityKilledBy.Skeleton":1,"stat.pickup.minecraft.stone":8,"stat.pickup.minecraft.sapling":2,"stat.sprintOneCm":267,"stat.craftItem.minecraft.stick":12,"stat.craftItem.minecraft.wooden_axe":1,"stat.craftItem.minecraft.planks":20,"stat.mineBlock.minecraft.crafting_table":1,"stat.killEntity.Spider":1,"stat.pickup.minecraft.stone_sword":1,"stat.mobKills":1,"stat.deaths":2,"stat.playOneMinute":23916,"stat.sneakTime":1980,"stat.mineBlock.minecraft.stone":133,"stat.mineBlock.minecraft.tallgrass":17,"stat.diveOneCm":33236}