{"stat.craftItem.minecraft.stone_shovel":1,"stat.walkOneCm":33458,"stat.pickup.minecraft.bone":2,"stat.useItem.minecraft.torch":10,"stat.leaveGame":1,"stat.pickup.minecraft.stone_pickaxe":1,"stat.useItem.minecraft.cobblestone":3,"stat.furnaceInteraction":1,"stat.useItem.minecraft.cooked_porkchop":2,"stat.mineBlock.minecraft.coal_ore":43,"stat.pickup.minecraft.log":15,"stat.swimOneCm":8146,"stat.jump":227,"stat.useItem.minecraft.sand":1,"stat.pickup.minecraft.coal":43,"stat.fallOneCm":5812,"stat.pickup.minecraft.cooked_porkchop":3,"stat.useItem.minecraft.stone_axe":21,"stat.pickup.minecraft.stone":1,"stat.crouchOneCm":4447,"stat.craftItem.minecraft.torch":12,"stat.pickup.minecraft.sapling":6,"stat.pickup.minecraft.dirt":4,"stat.sprintOneCm":23203,"stat.pickup.minecraft.bow":1,"stat.pickup.minecraft.apple":1,"stat.craftItem.minecraft.stick":8,"stat.craftingTableInteraction":2,"stat.pickup.minecraft.iron_ore":3,"stat.pickup.minecraft.sand":1,"stat.killEntity.Skeleton":1,"stat.useItem.minecraft.sapling":6,"stat.craftItem.minecraft.planks":4,"stat.craftItem.minecraft.stone_axe":1,"stat.mineBlock.minecraft.leaves2":1,"stat.pickup.minecraft.wooden_pickaxe":1,"stat.mineBlock.minecraft.log2":1,"stat.damageTaken":100,"stat.useItem.minecraft.reeds":7,"stat.pickup.minecraft.cobblestone":52,"stat.mobKills":2,"stat.pickup.minecraft.log2":1,"stat.mineBlock.minecraft.log":15,"stat.useItem.minecraft.dye":6,"stat.pickup.minecraft.reeds":7,"stat.craftItem.minecraft.stone_sword":1,"stat.flyOneCm":37317,"stat.drop":2,"stat.mineBlock.minecraft.sand":1,"stat.mineBlock.minecraft.leaves":2,"stat.playOneMinute":11323,"stat.useItem.minecraft.stone_pickaxe":104,"stat.sneakTime":1201,"stat.useItem.minecraft.stone_sword":1,"stat.damageDealt":570,"stat.mineBlock.minecraft.iron_ore":3,"stat.killEntity.Zombie":1,"stat.timeSinceDeath":11323,"stat.craftItem.minecraft.dye":6,"stat.drop.minecraft.torch":2,"stat.mineBlock.minecraft.dirt":4,"stat.mineBlock.minecraft.stone":54,"stat.mineBlock.minecraft.tallgrass":2,"stat.diveOneCm":7918}