{"stat.pickup.minecraft.bone":8,"stat.leaveGame":5,"stat.pickup.minecraft.arrow":5,"stat.pickup.minecraft.stone_pickaxe":1,"stat.swimOneCm":22086,"stat.jump":428,"stat.useItem.minecraft.sand":20,"stat.pickup.minecraft.coal":74,"stat.fallOneCm":11838,"stat.craftItem.minecraft.shield":1,"stat.pickup.minecraft.cooked_porkchop":3,"stat.useItem.minecraft.stone_axe":26,"stat.crouchOneCm":8123,"stat.craftItem.minecraft.torch":76,"stat.craftItem.minecraft.iron_ingot":4,"stat.pickup.minecraft.dirt":15,"stat.useItem.minecraft.dirt":1,"stat.pickup.minecraft.bow":1,"stat.craftingTableInteraction":9,"stat.pickup.minecraft.iron_ore":6,"stat.pickup.minecraft.rotten_flesh":2,"stat.pickup.minecraft.sand":20,"stat.craftItem.minecraft.furnace":2,"stat.useItem.minecraft.sapling":9,"stat.craftItem.minecraft.stone_axe":1,"stat.mineBlock.minecraft.leaves2":2,"stat.pickup.minecraft.wooden_pickaxe":1,"stat.mineBlock.minecraft.log2":10,"stat.damageTaken":1525,"stat.craftItem.minecraft.stone_pickaxe":1,"stat.useItem.minecraft.reeds":7,"stat.useItem.minecraft.furnace":2,"stat.useItem.minecraft.wooden_pickaxe":31,"stat.pickup.minecraft.cobblestone":87,"stat.pickup.minecraft.log2":10,"stat.pickup.minecraft.reeds":7,"stat.craftItem.minecraft.stone_sword":2,"stat.flyOneCm":57590,"stat.mineBlock.minecraft.sand":2,"stat.entityKilledBy.Zombie":1,"stat.useItem.minecraft.stone_pickaxe":132,"stat.useItem.minecraft.stone_sword":6,"stat.damageDealt":1338,"stat.mineBlock.minecraft.iron_ore":6,"stat.timeSinceDeath":5481,"stat.mineBlock.minecraft.dirt":14,"stat.useItem.minecraft.crafting_table":2,"stat.craftItem.minecraft.wooden_pickaxe":1,"stat.craftItem.minecraft.stone_shovel":1,"stat.walkOneCm":66221,"stat.useItem.minecraft.torch":21,"stat.pickup.minecraft.stick":6,"stat.useItem.minecraft.cobblestone":3,"stat.furnaceInteraction":7,"stat.craftItem.minecraft.crafting_table":2,"stat.useItem.minecraft.cooked_porkchop":3,"stat.killEntity.ZombieVillager":1,"stat.mineBlock.minecraft.coal_ore":73,"stat.breakItem.minecraft.stone_pickaxe":1,"stat.pickup.minecraft.log":15,"stat.pickup.minecraft.string":1,"stat.entityKilledBy.Skeleton":3,"stat.pickup.minecraft.stone":2,"stat.pickup.minecraft.sapling":9,"stat.sprintOneCm":31892,"stat.pickup.minecraft.apple":1,"stat.craftItem.minecraft.stick":44,"stat.craftItem.minecraft.wooden_axe":1,"stat.killEntity.Skeleton":2,"stat.craftItem.minecraft.planks":64,"stat.killEntity.Spider":1,"stat.useItem.minecraft.wooden_shovel":10,"stat.mobKills":6,"stat.mineBlock.minecraft.log":15,"stat.useItem.minecraft.dye":6,"stat.entityKilledBy.Husk":1,"stat.deaths":5,"stat.drop":2,"stat.mineBlock.minecraft.leaves":2,"stat.playOneMinute":24995,"stat.craftItem.minecraft.wooden_shovel":1,"stat.sneakTime":2705,"stat.craftItem.minecraft.iron_pickaxe":1,"stat.killEntity.Zombie":2,"stat.craftItem.minecraft.dye":6,"stat.drop.minecraft.torch":2,"stat.mineBlock.minecraft.stone":80,"stat.mineBlock.minecraft.tallgrass":9,"stat.diveOneCm":41503}