{"stats":{"minecraft:crafted":{"minecraft:oak_planks":112,"minecraft:rabbit_stew":4,"minecraft:stone_shovel":2,"minecraft:fishing_rod":1,"minecraft:tripwire_hook":4,"minecraft:leather_leggings":1,"minecraft:leather_boots":1,"minecraft:cooked_chicken":16,"minecraft:furnace":4,"minecraft:cooked_mutton":24,"minecraft:flint_and_steel":1,"minecraft:warped_planks":8,"minecraft:iron_axe":1,"minecraft:stone_pickaxe":2,"minecraft:golden_helmet":1,"minecraft:golden_boots":1,"minecraft:cooked_beef":24,"minecraft:oak_slab":48,"minecraft:crossbow":4,"minecraft:arrow":60,"minecraft:crafting_table":13,"minecraft:wooden_pickaxe":1,"minecraft:iron_helmet":1,"minecraft:iron_sword":2,"minecraft:nether_bricks":1,"minecraft:bucket":1,"minecraft:spectral_arrow":134,"minecraft:stone_axe":3,"minecraft:air":0,"minecraft:oak_boat":1,"minecraft:tnt":3,"minecraft:book":1,"minecraft:iron_chestplate":3,"minecraft:paper":3,"minecraft:golden_apple":2,"minecraft:shield":2,"minecraft:stick":96,"minecraft:leather_chestplate":2,"minecraft:iron_ingot":116,"minecraft:iron_pickaxe":4,"minecraft:gold_ingot":33,"minecraft:iron_block":3,"minecraft:stone_sword":3,"minecraft:iron_shovel":2,"minecraft:iron_leggings":3,"minecraft:anvil":1,"minecraft:white_bed":3,"minecraft:acacia_planks":48,"minecraft:torch":128},"minecraft:killed_by":{"minecraft:zombified_piglin":1,"minecraft:skeleton":1},"minecraft:used":{"minecraft:stone_sword":20,"minecraft:iron_shovel":307,"minecraft:stone_shovel":1,"minecraft:chest":4,"minecraft:shield":9,"minecraft:iron_sword":45,"minecraft:cooked_chicken":16,"minecraft:netherrack":100,"minecraft:torch":71,"minecraft:soul_sand":9,"minecraft:dirt":3,"minecraft:warped_wart_block":1,"minecraft:anvil":1,"minecraft:nether_bricks":1,"minecraft:acacia_sapling":4,"minecraft:granite":9,"minecraft:iron_axe":26,"minecraft:warped_nylium":2,"minecraft:rabbit_stew":2,"minecraft:basalt":32,"minecraft:hay_block":1,"minecraft:soul_soil":1,"minecraft:oak_sapling":6,"minecraft:furnace":8,"minecraft:cooked_beef":1,"minecraft:cooked_mutton":19,"minecraft:water_bucket":1,"minecraft:diorite":1,"minecraft:stone_pickaxe":256,"minecraft:oak_planks":10,"minecraft:blackstone":23,"minecraft:wooden_pickaxe":3,"minecraft:sandstone":9,"minecraft:cut_sandstone":2,"minecraft:polished_blackstone_bricks":33,"minecraft:gilded_blackstone":20,"minecraft:white_wool":12,"minecraft:sand":8,"minecraft:oak_slab":50,"minecraft:crafting_table":14,"minecraft:crossbow":29,"minecraft:white_bed":6,"minecraft:smoker":1,"minecraft:oak_log":1,"minecraft:lever":1,"minecraft:black_wool":3,"minecraft:cornflower":7,"minecraft:chiseled_sandstone":1,"minecraft:cracked_polished_blackstone_bricks":20,"minecraft:iron_pickaxe":614,"minecraft:gravel":179,"minecraft:stone_axe":200,"minecraft:cobblestone":169,"minecraft:bucket":5,"minecraft:oak_boat":13,"minecraft:gray_wool":3},"minecraft:dropped":{"minecraft:golden_boots":1,"minecraft:iron_ingot":22,"minecraft:oak_slab":1,"minecraft:oak_log":27,"minecraft:tnt":12,"minecraft:ender_pearl":2,"minecraft:golden_horse_armor":1,"minecraft:crafting_table":1,"minecraft:crossbow":7,"minecraft:golden_axe":1,"minecraft:cobblestone":16,"minecraft:lantern":1,"minecraft:warped_roots":1,"minecraft:spectral_arrow":75,"minecraft:leather":11,"minecraft:granite":41,"minecraft:acacia_log":11,"minecraft:golden_apple":4,"minecraft:coal":23,"minecraft:stick":7,"minecraft:flint":8,"minecraft:cracked_polished_blackstone_bricks":2,"minecraft:iron_leggings":1,"minecraft:gold_nugget":2,"minecraft:iron_pickaxe":2,"minecraft:string":8,"minecraft:gold_ingot":183,"minecraft:bone":28,"minecraft:chiseled_polished_blackstone":2,"minecraft:gravel":63,"minecraft:stone_axe":1,"minecraft:blackstone":4,"minecraft:kelp":40,"minecraft:warped_nylium":1,"minecraft:stone_sword":1,"minecraft:bowl":2,"minecraft:oak_planks":6,"minecraft:glowstone_dust":114,"minecraft:cooked_mutton":40,"minecraft:leather_chestplate":1,"minecraft:shield":1,"minecraft:iron_chestplate":1,"minecraft:oak_sapling":4,"minecraft:leather_boots":1,"minecraft:leather_leggings":1,"minecraft:stone_pressure_plate":1,"minecraft:spider_eye":2,"minecraft:rabbit_stew":2,"minecraft:arrow":14,"minecraft:bow":1,"minecraft:wooden_pickaxe":1,"minecraft:crying_obsidian":8,"minecraft:magma_cream":1,"minecraft:warped_wart_block":3,"minecraft:quartz":37,"minecraft:netherrack":4},"minecraft:broken":{"minecraft:iron_shovel":1,"minecraft:stone_pickaxe":1,"minecraft:stone_axe":1},"minecraft:picked_up":{"minecraft:crafting_table":2,"minecraft:anvil":1,"minecraft:chicken":11,"minecraft:gold_block":3,"minecraft:enchanted_book":2,"minecraft:gilded_blackstone":20,"minecraft:nether_brick":4,"minecraft:shield":1,"minecraft:cornflower":7,"minecraft:string":28,"minecraft:soul_soil":1,"minecraft:iron_axe":1,"minecraft:blackstone":29,"minecraft:gold_nugget":221,"minecraft:bucket":1,"minecraft:beef":34,"minecraft:oak_boat":13,"minecraft:iron_nugget":42,"minecraft:enchanted_golden_apple":1,"minecraft:chest":4,"minecraft:sugar_cane":10,"minecraft:egg":4,"minecraft:furnace":4,"minecraft:stick":17,"minecraft:sandstone":9,"minecraft:torch":7,"minecraft:acacia_log":23,"minecraft:fire_charge":4,"minecraft:porkchop":34,"minecraft:polished_blackstone_bricks":45,"minecraft:diorite":1,"minecraft:stone_pressure_plate":1,"minecraft:tnt":9,"minecraft:arrow":23,"minecraft:rotten_flesh":36,"minecraft:diamond_boots":1,"minecraft:hay_block":16,"minecraft:iron_block":3,"minecraft:saddle":1,"minecraft:gold_ingot":175,"minecraft:obsidian":2,"minecraft:mutton":42,"minecraft:white_wool":24,"minecraft:cobblestone":267,"minecraft:basalt":32,"minecraft:magma_cream":2,"minecraft:feather":15,"minecraft:cooked_beef":17,"minecraft:cut_sandstone":2,"minecraft:leather":38,"minecraft:smoker":1,"minecraft:flint":24,"minecraft:oak_log":107,"minecraft:gunpowder":21,"minecraft:dirt":71,"minecraft:lantern":1,"minecraft:cooked_mutton":26,"minecraft:bone":35,"minecraft:apple":2,"minecraft:kelp":40,"minecraft:bow":2,"minecraft:wheat_seeds":9,"minecraft:warped_stem":2,"minecraft:iron_ingot":18,"minecraft:stone_pickaxe":2,"minecraft:iron_ore":86,"minecraft:glowstone_dust":382,"minecraft:soul_sand":15,"minecraft:oak_planks":27,"minecraft:acacia_sapling":4,"minecraft:oak_slab":3,"minecraft:chiseled_polished_blackstone":2,"minecraft:warped_wart_block":4,"minecraft:quartz":37,"minecraft:gravel":242,"minecraft:sand":47,"minecraft:spectral_arrow":11,"minecraft:crying_obsidian":16,"minecraft:white_bed":5,"minecraft:chiseled_sandstone":1,"minecraft:spider_eye":3,"minecraft:stone_axe":2,"minecraft:lever":1,"minecraft:cracked_polished_blackstone_bricks":33,"minecraft:crossbow":4,"minecraft:granite":50,"minecraft:golden_apple":3,"minecraft:gray_wool":3,"minecraft:warped_roots":1,"minecraft:golden_horse_armor":1,"minecraft:emerald":3,"minecraft:warped_nylium":3,"minecraft:netherrack":171,"minecraft:oak_sapling":12,"minecraft:black_wool":3,"minecraft:coal":128,"minecraft:diamond_pickaxe":1,"minecraft:ender_pearl":6},"minecraft:mined":{"minecraft:nether_gold_ore":57,"minecraft:stone_pressure_plate":1,"minecraft:white_bed":5,"minecraft:granite":1,"minecraft:chiseled_polished_blackstone":2,"minecraft:grass_block":2,"minecraft:cracked_polished_blackstone_bricks":33,"minecraft:soul_soil":1,"minecraft:sandstone":9,"minecraft:polished_blackstone_bricks":43,"minecraft:hay_block":1,"minecraft:glowstone":123,"minecraft:furnace":4,"minecraft:iron_ore":83,"minecraft:fire":18,"minecraft:chiseled_sandstone":1,"minecraft:anvil":1,"minecraft:gold_block":2,"minecraft:warped_stem":2,"minecraft:stone":133,"minecraft:oak_slab":2,"minecraft:cut_sandstone":2,"minecraft:soul_sand":1,"minecraft:blackstone":8,"minecraft:smoker":1,"minecraft:soul_fire":4,"minecraft:basalt":33,"minecraft:cornflower":8,"minecraft:chest":4,"minecraft:nether_quartz_ore":27,"minecraft:cobblestone":3,"minecraft:tall_grass":6,"minecraft:sugar_cane":4,"minecraft:diorite":1,"minecraft:wall_torch":1,"minecraft:warped_wart_block":4,"minecraft:warped_nylium":8,"minecraft:black_wool":1,"minecraft:tnt":9,"minecraft:grass":13,"minecraft:coal_ore":118,"minecraft:oak_log":102,"minecraft:gravel":306,"minecraft:sand":7,"minecraft:netherrack":171,"minecraft:oak_leaves":23},"minecraft:killed":{"minecraft:zombified_piglin":6,"minecraft:spider":4,"minecraft:horse":5,"minecraft:skeleton":7,"minecraft:chicken":11,"minecraft:piglin_brute":1,"minecraft:magma_cube":8,"minecraft:piglin":5,"minecraft:pig":13,"minecraft:hoglin":1,"minecraft:sheep":25,"minecraft:ghast":1,"minecraft:wither_skeleton":1,"minecraft:blaze":1,"minecraft:enderman":5,"minecraft:cow":4},"minecraft:custom":{"minecraft:interact_with_anvil":1,"minecraft:mob_kills":102,"minecraft:interact_with_crafting_table":61,"minecraft:leave_game":1,"minecraft:time_since_death":542,"minecraft:climb_one_cm":408,"minecraft:sprint_one_cm":294559,"minecraft:walk_one_cm":593229,"minecraft:damage_blocked_by_shield":350,"minecraft:drop":130,"minecraft:talked_to_villager":5,"minecraft:deaths":5,"minecraft:sneak_time":20052,"minecraft:walk_under_water_one_cm":333,"minecraft:boat_one_cm":113317,"minecraft:jump":2590,"minecraft:walk_on_water_one_cm":3544,"minecraft:interact_with_furnace":38,"minecraft:traded_with_villager":4,"minecraft:play_one_minute":169694,"minecraft:sleep_in_bed":7,"minecraft:time_since_rest":569,"minecraft:damage_taken":3292,"minecraft:damage_dealt":12351,"minecraft:player_kills":1,"minecraft:swim_one_cm":440,"minecraft:fly_one_cm":356356,"minecraft:open_chest":22,"minecraft:crouch_one_cm":70790,"minecraft:interact_with_smoker":13,"minecraft:fall_one_cm":69374}},"DataVersion":2586}