{
  "minecraft:adventure/root": {
    "criteria": {
      "killed_something": "2024-07-27 06:28:58 +0000"
    },
    "done": true
  },
  "minecraft:adventure/kill_a_mob": {
    "criteria": {
      "minecraft:zombie": "2024-07-27 06:28:58 +0000"
    },
    "done": true
  },
  "minecraft:adventure/kill_all_mobs": {
    "criteria": {
      "minecraft:zombie": "2024-07-27 06:28:58 +0000"
    },
    "done": false
  },
  "minecraft:adventure/adventuring_time": {
    "criteria": {
      "minecraft:forest": "2024-07-27 06:15:48 +0000",
      "minecraft:wooded_hills": "2024-07-27 06:15:37 +0000"
    },
    "done": false
  },
  "DataVersion": 2586
}