{
  "global:root": {
    "criteria": {
      "trigger": "2024-07-27 17:01:55 +0000"
    },
    "done": true
  },
  "global:danmizu": {
    "criteria": {
      "trigger": "2024-07-27 17:01:55 +0000"
    },
    "done": true
  },
  "global:battletowers": {
    "criteria": {
      "trigger": "2024-07-27 17:01:55 +0000"
    },
    "done": true
  },
  "minecraft:adventure/adventuring_time": {
    "criteria": {
      "minecraft:beach": "2024-07-27 17:01:55 +0000"
    },
    "done": false
  },
  "DataVersion": 2586
}